opcode,handler,name,argument_bytes,chip_scope,consumer_effect,return_contract,confidence
0x80,0x5173,SET_TEMPO,1,chip-dependent,see canonical opcode semantics,synthetic return from target-minus-one table; carry reports continuation,Verified
0x81,0x516A,ADD_TEMPO,1,chip-dependent,see canonical opcode semantics,synthetic return from target-minus-one table; carry reports continuation,Verified
0x82,0x5192,SET_VOLUME,1,chip-dependent,see canonical opcode semantics,synthetic return from target-minus-one table; carry reports continuation,Verified
0x83,0x517A,ADD_VOLUME,1,chip-dependent,see canonical opcode semantics,synthetic return from target-minus-one table; carry reports continuation,Verified
0x84,0x51AE,SET_TRANSPOSE,1,chip-dependent,see canonical opcode semantics,synthetic return from target-minus-one table; carry reports continuation,Verified
0x85,0x51AA,ADD_TRANSPOSE,1,chip-dependent,see canonical opcode semantics,synthetic return from target-minus-one table; carry reports continuation,Verified
0x86,0x515F,SET_FREQ_ENV,2,both,replace frequency-envelope pointer with 16-bit operand,synthetic return from target-minus-one table; carry reports continuation,Verified
0x87,0x5154,SET_VOL_ENV,2,both,replace volume-envelope pointer with 16-bit operand,synthetic return from target-minus-one table; carry reports continuation,Verified
0x88,0x50F1,RESET_TIMER,1,chip-dependent,see canonical opcode semantics,synthetic return from target-minus-one table; carry reports continuation,Verified
0x89,0x514B,SET_REPEAT,1,chip-dependent,see canonical opcode semantics,synthetic return from target-minus-one table; carry reports continuation,Verified
0x8A,0x51B3,SET_DISTORTION,1,chip-dependent,see canonical opcode semantics,synthetic return from target-minus-one table; carry reports continuation,Verified
0x8B,0x51B7,SET_CTRL_BITS,1,chip-dependent,see canonical opcode semantics,synthetic return from target-minus-one table; carry reports continuation,Verified
0x8C,0x51E2,SET_VIBRATO,1,chip-dependent,see canonical opcode semantics,synthetic return from target-minus-one table; carry reports continuation,Verified
0x8D,0x51E6,PUSH_SEQ,2,both,push return record and enter 16-bit subsequence,synthetic return from target-minus-one table; carry reports continuation,Verified
0x8E,0x5214,PUSH_SEQ_EXT,1,chip-dependent,see canonical opcode semantics,synthetic return from target-minus-one table; carry reports continuation,Verified
0x8F,0x523F,POP_SEQ,1,chip-dependent,see canonical opcode semantics,synthetic return from target-minus-one table; carry reports continuation,Verified
0x90,0x54CC,SWITCH_POKEY,1,chip-dependent,see canonical opcode semantics,synthetic return from target-minus-one table; carry reports continuation,Verified
0x91,0x54E5,SWITCH_YM2151,1,chip-dependent,see canonical opcode semantics,synthetic return from target-minus-one table; carry reports continuation,Verified
0x92,0x4719,NOP,1,chip-dependent,see canonical opcode semantics,synthetic return from target-minus-one table; carry reports continuation,Verified
0x93,0x4719,NOP,1,chip-dependent,see canonical opcode semantics,synthetic return from target-minus-one table; carry reports continuation,Verified
0x94,0x4719,NOP,1,chip-dependent,see canonical opcode semantics,synthetic return from target-minus-one table; carry reports continuation,Verified
0x95,0x4719,NOP,1,chip-dependent,see canonical opcode semantics,synthetic return from target-minus-one table; carry reports continuation,Verified
0x96,0x54F4,QUEUE_OUTPUT,1,chip-dependent,see canonical opcode semantics,synthetic return from target-minus-one table; carry reports continuation,Verified
0x97,0x54F9,FADEOUT_ENV,1,chip-dependent,see canonical opcode semantics,synthetic return from target-minus-one table; carry reports continuation,Verified
0x98,0x4719,NOP,1,chip-dependent,see canonical opcode semantics,synthetic return from target-minus-one table; carry reports continuation,Verified
0x99,0x5515,SET_SEQ_PTR,2,both,replace sequence pointer with 16-bit operand,synthetic return from target-minus-one table; carry reports continuation,Verified
0x9A,0x5524,PLAY_SPEECH_CMD,1,chip-dependent,see canonical opcode semantics,synthetic return from target-minus-one table; carry reports continuation,Verified
0x9B,0x51CB,CLR_CTRL_BITS,1,chip-dependent,see canonical opcode semantics,synthetic return from target-minus-one table; carry reports continuation,Verified
0x9C,0x54B1,FORCE_POKEY,1,chip-dependent,see canonical opcode semantics,synthetic return from target-minus-one table; carry reports continuation,Verified
0x9D,0x5535,SET_VOICE,2,YM2151,load 28-byte YM register image plus live TL-transform fields,synthetic return from target-minus-one table; carry reports continuation,Verified
0x9E,0x5613,YM_LOAD_ENV,2,YM2151,read five-byte auxiliary block at operand base+$24,synthetic return from target-minus-one table; carry reports continuation,Verified
0x9F,0x5655,YM_LOAD_REG,2,YM2151,read one-byte auxiliary value at operand base+$29,synthetic return from target-minus-one table; carry reports continuation,Verified
0xA0,0x568A,YM_FREQ_OFFSET,1,chip-dependent,see canonical opcode semantics,synthetic return from target-minus-one table; carry reports continuation,Verified
0xA1,0x5715,YM_CARRIER_TL_DELTA,1,YM2151,negate signed operand and apply it to algorithm-selected carrier total levels,synthetic return from target-minus-one table; carry reports continuation,Verified
0xA2,0x56CB,YM_VOL_ENV_NEG,1,chip-dependent,see canonical opcode semantics,synthetic return from target-minus-one table; carry reports continuation,Verified
0xA3,0x56AF,YM_VOL_ENV_SUB,1,chip-dependent,see canonical opcode semantics,synthetic return from target-minus-one table; carry reports continuation,Verified
0xA4,0x5271,VAR_LOAD,2,chip-dependent,see canonical opcode semantics,synthetic return from target-minus-one table; carry reports continuation,Verified
0xA5,0x4719,NOP,1,chip-dependent,see canonical opcode semantics,synthetic return from target-minus-one table; carry reports continuation,Verified
0xA6,0x5703,YM_SHIFT_LEFT,1,chip-dependent,see canonical opcode semantics,synthetic return from target-minus-one table; carry reports continuation,Verified
0xA7,0x56DC,FREQ_ADD,1,chip-dependent,see canonical opcode semantics,synthetic return from target-minus-one table; carry reports continuation,Verified
0xA8,0x5711,SET_FREQ_ENV_LOOP,1,chip-dependent,see canonical opcode semantics,synthetic return from target-minus-one table; carry reports continuation,Verified
0xA9,0x529E,REG_ADD,1,chip-dependent,see canonical opcode semantics,synthetic return from target-minus-one table; carry reports continuation,Verified
0xAA,0x52AA,REG_SUB,1,chip-dependent,see canonical opcode semantics,synthetic return from target-minus-one table; carry reports continuation,Verified
0xAB,0x52B4,REG_AND,1,chip-dependent,see canonical opcode semantics,synthetic return from target-minus-one table; carry reports continuation,Verified
0xAC,0x52BA,REG_OR,1,chip-dependent,see canonical opcode semantics,synthetic return from target-minus-one table; carry reports continuation,Verified
0xAD,0x52C0,REG_XOR,1,chip-dependent,see canonical opcode semantics,synthetic return from target-minus-one table; carry reports continuation,Verified
0xAE,0x5320,COND_JUMP_REG_Z,variable,chip-dependent,see canonical opcode semantics,synthetic return from target-minus-one table; carry reports continuation,Verified
0xAF,0x5347,COND_JUMP_INC,variable,chip-dependent,see canonical opcode semantics,synthetic return from target-minus-one table; carry reports continuation,Verified
0xB0,0x5375,VAR_STORE,1,chip-dependent,see canonical opcode semantics,synthetic return from target-minus-one table; carry reports continuation,Verified
0xB1,0x53C2,VAR_APPLY_YM,1,chip-dependent,see canonical opcode semantics,synthetic return from target-minus-one table; carry reports continuation,Verified
0xB2,0x53FB,VAR_CLASSIFY_LOAD,1,both,classify variable into general register,synthetic return from target-minus-one table; carry reports continuation,Verified
0xB3,0x52C6,SHIFT_REG_RIGHT,1,chip-dependent,see canonical opcode semantics,synthetic return from target-minus-one table; carry reports continuation,Verified
0xB4,0x52F3,SHIFT_REG_LEFT,1,chip-dependent,see canonical opcode semantics,synthetic return from target-minus-one table; carry reports continuation,Verified
0xB5,0x5410,COND_JUMP_EQ,3,chip-dependent,see canonical opcode semantics,synthetic return from target-minus-one table; carry reports continuation,Verified
0xB6,0x5417,COND_JUMP_NE,3,chip-dependent,see canonical opcode semantics,synthetic return from target-minus-one table; carry reports continuation,Verified
0xB7,0x541E,COND_JUMP_PL,3,chip-dependent,see canonical opcode semantics,synthetic return from target-minus-one table; carry reports continuation,Verified
0xB8,0x5425,COND_JUMP_MI,3,chip-dependent,see canonical opcode semantics,synthetic return from target-minus-one table; carry reports continuation,Verified
0xB9,0x5401,REG_CLASSIFY_SUB,1,chip-dependent,see canonical opcode semantics,synthetic return from target-minus-one table; carry reports continuation,Verified
0xBA,0x5404,REG_SUB_STORE,1,chip-dependent,see canonical opcode semantics,synthetic return from target-minus-one table; carry reports continuation,Verified
