batch,root,instructions_reachable,last_reachable,termination,new_targets,confidence
1,0x5A25,5,0x5A2E,unconditional_jump,0x5A2C;0x4002,Verified
2,0x4002,64,0x4085,batch_limit,0x4021;0x402C;0x4032;0x403D;0x404A;0x4067;0x406D;0x4076;0x4081;0x4087;0x408F;0x40C8;0x4142;0x4157;0x4183,Verified
3,0x4087,64,0x410A,batch_limit,0x405F;0x406D;0x408F;0x40B3;0x40C8;0x410D;0x415F;0x4183;0x41E6;0x5833;0x5A0B,Verified
4,0x410D,64,0x418B,batch_limit,0x4104;0x4124;0x4127;0x4136;0x413F;0x4142;0x414F;0x4153;0x4157;0x415C;0x415F;0x4169;0x416D;0x4182;0x4183;0x4187;0x418E;0x432E,Verified
5,0x418E,64,0x4216,batch_limit,0x40EC;0x419D;0x41AB;0x41BC;0x41C4;0x41C8;0x41DE;0x41E6;0x4206;0x4218;0x4295;0x500D;0x5894;0x8381,Verified
6,0x4218,64,0x429C,batch_limit,0x421A;0x423F;0x4257;0x425E;0x4277;0x428D;0x4293;0x4295;0x429E;0x42D7;0x4FF0,Verified
7,0x429E,64,0x430D,batch_limit,0x429E;0x42B3;0x42B8;0x42C6;0x42D4;0x42D7;0x42F9;0x430E;0x4313,Verified
8,0x430E,64,0x437F,batch_limit,0x42FB;0x4313;0x432B;0x432E;0x4346;0x4347;0x434C;0x4359;0x4369;0x4374;0x4381,Verified
9,0x4381,64,0x43F5,batch_limit,0x437A;0x4388;0x438D;0x439E;0x43AA;0x43AE;0x43AF;0x43C6;0x43D2;0x43D4;0x4406;0x440A;0x43F7,Verified
10,0x43F7,64,0x4477,batch_limit,0x43E5;0x440A;0x440B;0x4411;0x4434;0x4439;0x4444;0x4445;0x4452;0x445B;0x4461;0x4481;0x44A7;0x4479;0x5932,Verified
11,0x4479,64,0x44F5,batch_limit,0x4481;0x44A6;0x44A7;0x44A8;0x44B8;0x44BD;0x44C8;0x44CB;0x44D7;0x44DE;0x44F7;0x44F8;0x44FA;0x44FD;0x5059,Verified
12,0x44F7,64,0x4587,batch_limit,0x44ED;0x44F8;0x44FD;0x4502;0x4525;0x4528;0x4532;0x458A,Verified
13,0x458A,64,0x4618,return,0x42F9;0x44FD;0x45BF;0x45C2;0x45CC;0x45CF;0x45D7;0x45F1;0x45FC;0x4602;0x4618;0x4619,Verified
14,0x4619,14,0x4632,return,0x4632;0x4651,Verified
15,0x4651,64,0x46EA,batch_limit,0x4658;0x4666;0x4669;0x4698;0x46C2;0x46CC;0x46E6;0x46FD;0x46ED;0x4719;0x4809;0x49A5;0x4B45,Verified
16,0x46ED,64,0x4780,batch_limit,0x46FD;0x4708;0x4716;0x4719;0x4727;0x473E;0x4749;0x4752;0x4756;0x4771;0x4781;0x47A4;0x47D4;0x4B5D;0x4B6B;0x4C16;0x5029,Verified
17,0x4781,64,0x4815,batch_limit,0x4719;0x47BD;0x47D4;0x47E1;0x4809;0x4818;0x4844;0x42D7,Verified
18,0x4818,64,0x48A9,batch_limit,0x483E;0x4841;0x4844;0x4854;0x488B;0x48AC;0x48C5;0x48EF;0x4B45;0x4B5D;0x42F9;0x558F,Verified
19,0x48AC,64,0x4940,batch_limit,0x48C5;0x48D7;0x48EF;0x491C;0x4931;0x4934;0x4942;0x4948;0x4809;0x4B6B;0x4C16,Verified
20,0x4942,64,0x49D4,batch_limit,0x4948;0x497E;0x49A2;0x49A5;0x49B5;0x49C5;0x49D5;0x49D9;0x4B45;0x4B5D,Verified
21,0x49D5,64,0x4A52,batch_limit,0x49DE;0x49F6;0x49FB;0x4A0F;0x4A1F;0x4A31;0x4A34;0x4A3E;0x4A53;0x4A6F,Verified
22,0x4A53,64,0x4ADF,batch_limit,0x4A6F;0x4AA5;0x4AAA;0x4AC2;0x4AC7;0x4ADB;0x4AE1;0x4AE7;0x4AFC;0x4B3F,Verified
23,0x4AE1,64,0x4B6A,return,0x4651;0x4A9F;0x4AF9;0x4B0A;0x4B1C;0x4B27;0x4B31;0x4B39;0x4B3F;0x4B45;0x4B47;0x4B5D;0x4B6A;0x4B6B,Verified
24,0x4B6B,64,0x4BF5,batch_limit,0x4B8D;0x4B8F;0x4BA5;0x4BA8;0x4BAD;0x4BC5;0x4BC9;0x4BD5;0x4BF2;0x4BF6;0x4C0D,Verified
25,0x4BF6,64,0x4C71,batch_limit,0x4BFF;0x4C0D;0x4C12;0x4C16;0x4C23;0x4C26;0x4C38;0x4C61;0x4C69;0x4C74;0x4CBD;0x5181,Verified
26,0x4C74,62,0x4D01,return,0x4CA2;0x4CB5;0x4CBD;0x4CDD;0x4CF0;0x4D01;0x4D02,Verified
27,0x4D02,64,0x4DA4,batch_limit,0x4651;0x4D54;0x4D79;0x4D87;0x4D92;0x4DAC;0x4DA6,Verified
28,0x4DA6,31,0x4DFB,multiple_returns,0x4DB7;0x4DD4;0x4DFC,Verified
29,0x4DFC,55,0x4E67,return,0x4D02;0x4E16;0x4E3D;0x4E68,Verified
30,0x4E68,64,0x4EFE,batch_limit,0x4651;0x4E6D;0x4E6E;0x4E82;0x4ECE;0x4EFF;0x4FF0,Verified
31,0x4EFF,64,0x4F82,batch_limit,0x4F27;0x4F38;0x4F3A;0x4F3C;0x4F7A;0x4F83;0x4F87,Verified
32,0x4F83,42,0x4FD5,return,0x4E68;0x4F3E;0x4FAF;0x4FB1;0x4FBD;0x4FD5;0x4FD6;0x4FF0,Verified
33,0x4FD6,15,0x4FEF,return,0x4E68;0x4FE2;0x4FF0;0x500D,Verified
34,0x4FF0,16,0x500C,return,0x4FF8;0x500B;0x500C;0x500D,Verified
35,0x500D,11,0x5026,tail_jumps,0x4DFC;0x4FD6;0x5023;0x5026,Verified
36,0x5029,16,0x5046,return_or_indirect_dispatch,0x5034;opcode_target_table_0x507B,Verified
37,0x5047,9,0x5058,return,0x5055;0x5059,Verified
38,0x5059,12,0x506E,return,0x505B;0x506D;0x506F,Verified
39,0x506F,6,0x507A,indirect_dispatch_return,handler_target_table_0x507B,Verified
40,0x5181,10,0x51A7,return_or_tail_jump,0x518B;0x51A3;0x5715,Verified
41,0x42C6,10,0x42D6,multiple_returns,0x42D4;0x42D7,Verified
42,0x42F9,28,0x432D,return,0x42D7;0x42FB;0x4313;0x432B,Verified
43,0x5715,32,0x5751,batch_limit,0x571D;0x5733;0x5744;0x5746;0x5749;0x5754,Verified
44,0x5754,1,0x5754,return,0x5755,Verified
45,0x5755,34,0x578D,return_or_tail_jump,0x5715;0x575E;0x5771;0x57B0,Verified
46,0x558F,64,0x5612,multiple_returns,0x4FF0;0x5594;0x559C;0x55D1;0x55F3,Verified
47,0x57B0,64,0x582A,batch_limit,0x57B1;0x57D1;0x57D2;0x57DF;0x57E8;0x57F4;0x5806;0x5809;0x581E;0x5820;0x5824;0x582D,Verified
48,0x582D,4,0x5832,indirect_dispatch_return,NMI_target_table_0x5FA2;0x5833,Verified
49,0x5833,32,0x5873,return,0x5874,Verified
50,0x5894,64,0x5918,batch_limit,0x5833;0x58A6;0x58AA;0x58AB;0x58C1;0x58C9;0x58E9;0x58F0;0x58F9;0x5904;0x5916;0x591A;0x5922;0x5926;0x5931;0x5939,Verified
51,0x591A,11,0x5931,return,0x5926;0x5931;0x5932,Verified
52,0x5932,64,0x59A3,batch_limit,0x5939;0x5948;0x594E;0x59A4;0x59E2,Verified
53,0x59A4,37,0x59E1,return,0x59BD;0x59D3;0x59E1;0x59E2,Verified
54,0x59E2,22,0x5A0A,return,0x59EE;0x5A01;0x5A09,Verified
55,0x5A0B,11,0x5A24,return,0x5A25,Verified
56,0x8381,58,0x83F8,batch_limit,0x838D;0x8396;0x83A3;0x83AC;0x83C9;0x83CB;0x83D0;0x83DD;0x83F4;0x83FA,Verified
57,0x83FA,40,0x843E,return,0x840F;0x841B;0x8420;0x8422;0x842D;0x8430;0x843E;0x843F,Verified
58,0x843F,3,0x8444,tail_jump,0x44C8;0x581E,Verified
59,0x50F1,64,0x5179,multi_handler_batch,0x5139;0x514B;0x5154;0x515F;0x516A;0x5173;0x5047,Verified
60,0x517A,64,0x5203,multi_handler_batch,0x5181;0x5192;0x51AA;0x51AE;0x51B3;0x51B7;0x51CB;0x51E2;0x51E6;0x5206;0x5715;0x5755;0x5047;0x42C6,Verified
61,0x5206,64,0x527D,multi_handler_batch,0x5214;0x523C;0x523F;0x5258;0x525A;0x5271;0x5280;0x529C;0x42C6;0x42D7;0x5047,Verified
62,0x5280,63,0x52F3,multi_handler_batch,0x529E;0x52A2;0x52AA;0x52B4;0x52BA;0x52C0;0x52C6;0x52E9;0x52F3,Verified
63,0x52F3,64,0x5377,multi_handler_batch,0x5316;0x5320;0x532C;0x533A;0x5347;0x5353;0x5361;0x5375;0x5379;0x53C0;0x52A2;0x5047,Verified
64,0x5379,64,0x5401,multi_handler_batch,0x5173;0x517A;0x5192;0x51AA;0x51AE;0x53C0;0x53C2;0x53F9;0x53FB;0x5401;0x5444;0x56AF;0x56CB;0x56DC;0x5703,Verified
65,0x5401,64,0x5486,multi_handler_batch,0x5404;0x5410;0x5417;0x541E;0x5425;0x542A;0x5432;0x5444;0x5463;0x546D;0x5478;0x5480;0x5486;0x5488;0x5496;0x54A1;0x54AB;0x5047,Verified
66,0x5488,64,0x5513,multi_handler_batch,0x5490;0x5496;0x54A1;0x54AB;0x54B1;0x54CC;0x54E5;0x54F4;0x54F9;0x5514;0x4445,Verified
67,0x5514,64,0x558D,multi_handler_batch,0x5515;0x5524;0x5531;0x5535;0x5546;0x557A;0x558F;0x5047;0x5932,Verified
68,0x5613,64,0x5695,multi_handler_batch,0x5653;0x5655;0x5674;0x5676;0x5689;0x568A;0x5696;0x56AD;0x5047;0x4FF0,Verified
69,0x5696,64,0x5710,multi_handler_batch,0x56A1;0x56AD;0x56AF;0x56C7;0x56CB;0x56D7;0x56DA;0x56DC;0x56EE;0x5703,Verified
70,0x5711,2,0x5714,return,0x5715,Verified
