source,target,kind
26422,26431,conditional
26422,26435,conditional_value_1
26422,26439,conditional_value_2
26422,26443,conditional_value_3
26454,26452,set_seq_ptr
26516,26549,conditional
26516,26553,conditional_value_1
26516,26557,conditional_value_2
26516,26561,conditional_value_3
26516,26565,conditional_value_4
26516,26569,conditional_value_5
26516,26573,conditional_value_6
26516,26577,conditional_value_7
26516,26581,conditional_value_8
26516,26585,conditional_value_9
26516,26589,conditional_value_10
26516,26593,conditional_value_11
26516,26597,conditional_value_12
26516,26601,conditional_value_13
26516,26605,conditional_value_14
26516,26609,conditional_value_15
26627,26625,set_seq_ptr
26712,26708,set_seq_ptr
26765,26761,set_seq_ptr
27047,27045,set_seq_ptr
29679,29756,conditional
29703,29756,conditional
29727,29756,conditional
29751,29756,conditional
30372,29756,conditional
30395,29756,conditional
30418,29756,conditional
30441,29756,conditional
30466,29756,conditional
30491,29756,conditional
30516,29756,conditional
30541,29756,conditional
30566,29756,conditional
30591,29756,conditional
30616,29756,conditional
30641,29756,conditional
30668,29756,conditional
30695,29756,conditional
30722,29756,conditional
30749,29756,conditional
30778,29756,conditional
30807,29756,conditional
30836,29756,conditional
30865,29756,conditional
30879,30918,conditional
30891,30918,conditional
30903,30918,conditional
30915,30918,conditional
30968,31011,conditional
30983,31011,conditional
30998,31011,conditional
32038,32071,conditional
32038,32075,conditional_value_1
32038,32079,conditional_value_2
32038,32083,conditional_value_3
32038,32087,conditional_value_4
32038,32091,conditional_value_5
32038,32095,conditional_value_6
32038,32099,conditional_value_7
32038,32103,conditional_value_8
32038,32107,conditional_value_9
32038,32111,conditional_value_10
32038,32115,conditional_value_11
32038,32119,conditional_value_12
32038,32123,conditional_value_13
32038,32127,conditional_value_14
32038,32131,conditional_value_15
