command,parameter,index,pointer,length,end_exclusive,flags,priority,frames,silent_frames,stop_frames,repeat_frames,unvoiced_frames,voiced_frames,parsed_bits,truncated_frame
8,0,0,34621,247,34868,0,0,55,7,1,0,20,27,1962,False
74,1,1,34868,140,35008,0,0,23,0,1,0,0,22,1104,False
75,2,2,35008,116,35124,0,0,20,0,1,0,2,17,912,False
76,3,3,35124,137,35261,0,0,23,0,1,0,1,21,1083,False
77,4,4,35261,132,35393,0,0,23,0,1,1,1,20,1044,False
78,5,5,35393,149,35542,0,0,27,1,1,1,2,22,1177,False
79,6,6,35542,88,35630,0,0,23,3,1,0,13,6,693,False
80,7,7,35630,119,35749,0,0,21,0,1,0,3,17,941,False
81,8,8,35749,71,35820,0,0,21,7,1,1,4,8,559,False
82,9,9,35820,146,35966,0,0,24,0,1,0,0,23,1154,False
83,10,10,35966,111,36077,0,0,20,0,1,1,2,16,873,False
84,11,11,36077,153,36230,0,0,26,0,1,0,2,23,1212,False
85,12,14,36232,414,36646,0,0,73,2,1,0,10,60,3302,False
86,13,15,36646,455,37101,0,0,83,6,1,2,6,68,3624,False
87,14,16,37101,374,37475,0,0,63,0,1,0,6,56,2978,False
88,15,17,37475,401,37876,0,0,67,0,1,0,5,61,3199,False
89,16,22,37880,181,38061,0,0,30,0,1,0,1,28,1433,False
90,17,24,38062,324,38386,0,0,61,6,1,0,7,47,2581,False
91,18,28,38389,496,38885,0,0,88,0,1,0,19,68,3955,False
92,19,29,38885,355,39240,0,0,64,2,1,0,11,50,2831,False
93,20,31,39241,287,39528,0,0,49,0,1,2,2,44,2284,False
94,21,32,39528,406,39934,0,0,69,1,1,0,6,61,3232,False
95,22,34,39935,485,40420,0,0,86,2,1,0,14,69,3868,False
96,23,35,40420,350,40770,0,0,63,2,1,1,9,50,2784,False
97,24,36,40770,397,41167,0,0,70,0,1,0,14,55,3160,False
98,25,37,41167,200,41367,0,0,37,1,1,0,8,27,1590,False
99,26,38,41367,216,41583,0,0,41,3,1,0,7,30,1719,False
100,27,39,41583,172,41755,0,0,31,0,1,3,1,26,1366,False
101,28,40,41755,193,41948,0,0,40,6,1,0,7,26,1531,False
102,29,41,41948,122,42070,0,0,21,0,1,0,2,18,962,False
103,30,42,42070,103,42173,0,0,18,0,1,0,2,15,812,False
104,31,43,42173,243,42416,0,0,40,0,1,0,1,38,1933,False
105,32,57,42429,177,42606,0,0,29,0,1,0,0,28,1404,False
106,33,58,42606,143,42749,0,0,24,0,1,0,1,22,1133,False
107,34,59,42749,115,42864,0,0,19,0,1,0,0,18,904,False
108,35,60,42864,108,42972,0,0,18,0,1,0,0,17,854,False
109,36,61,42972,108,43080,0,0,18,0,1,0,0,17,854,False
110,37,62,43080,77,43157,0,0,13,0,1,0,0,12,604,False
111,38,63,43157,108,43265,0,0,18,0,1,0,0,17,854,False
112,39,64,43265,149,43414,0,0,25,0,1,0,1,23,1183,False
113,40,65,43414,246,43660,0,0,40,0,1,0,0,39,1954,False
114,41,66,43660,163,43823,0,0,28,0,1,0,3,24,1291,False
115,42,67,43823,191,44014,0,0,32,0,1,0,2,29,1512,False
116,43,68,44014,200,44214,0,0,34,0,1,0,3,30,1591,False
117,44,69,44214,87,44301,0,0,15,0,1,0,1,13,683,False
118,45,73,44304,127,44431,128,0,21,0,1,0,0,20,1004,False
119,46,74,44431,165,44596,128,0,27,0,1,0,0,26,1304,False
120,47,75,44596,83,44679,128,0,14,0,1,0,0,13,654,False
121,48,76,44679,58,44737,128,0,10,0,1,0,0,9,454,False
122,49,77,44737,71,44808,128,0,12,0,1,0,0,11,554,False
123,50,78,44808,68,44876,128,0,12,0,1,0,1,10,533,False
124,51,79,44876,46,44922,128,0,8,0,1,0,0,7,354,False
125,52,80,44922,83,45005,128,0,14,0,1,0,0,13,654,False
126,53,81,45005,96,45101,128,0,16,0,1,0,0,15,754,False
127,54,82,45101,171,45272,128,0,28,0,1,0,0,27,1354,False
128,55,83,45272,165,45437,128,0,27,0,1,0,0,26,1304,False
129,56,84,45437,71,45508,0,0,12,0,1,0,0,11,554,False
130,57,85,45508,115,45623,0,0,19,0,1,0,0,18,904,False
131,58,86,45623,83,45706,0,0,14,0,1,0,0,13,654,False
132,59,87,45706,77,45783,0,0,13,0,1,0,0,12,604,False
133,60,88,45783,83,45866,0,0,14,0,1,0,0,13,654,False
134,61,89,45866,102,45968,0,0,17,0,1,0,0,16,804,False
135,62,90,45968,246,46214,0,0,40,0,1,0,0,39,1954,False
136,63,91,46214,127,46341,0,0,21,0,1,0,0,20,1004,False
137,64,92,46341,71,46412,128,0,12,0,1,0,0,11,554,False
138,65,94,46413,52,46465,128,0,9,0,1,0,0,8,404,False
139,66,97,46467,334,46801,0,0,65,4,1,0,17,43,2663,False
140,67,98,46801,496,47297,0,0,95,4,1,1,25,64,3956,False
141,68,100,47298,211,47509,0,0,37,0,1,0,6,30,1678,False
142,69,101,47509,322,47831,0,0,54,1,1,0,2,50,2566,False
143,70,102,47831,208,48039,0,0,37,1,1,0,5,30,1653,False
144,71,103,48039,249,48288,0,0,46,1,1,0,11,33,1977,False
145,72,104,48288,310,48598,0,0,60,6,1,0,10,43,2468,False
146,73,105,48598,275,48873,0,0,51,1,1,0,13,36,2185,False
147,74,106,48873,299,49172,0,0,58,3,1,0,16,38,2380,False
148,75,107,49172,324,49496,0,0,59,2,1,0,11,45,2581,False
149,76,108,49496,90,49586,0,0,15,0,1,0,0,14,704,False
150,77,109,49586,102,49688,0,0,17,0,1,0,0,16,804,False
151,78,110,49688,107,49795,0,0,19,0,1,0,3,15,841,False
152,79,111,49795,485,50280,0,0,88,1,1,0,21,65,3867,False
153,80,112,50280,454,50734,0,0,84,3,1,1,17,62,3620,False
154,81,113,50734,241,50975,0,0,43,0,1,0,9,33,1915,False
155,82,115,50976,342,51318,0,0,61,2,1,0,9,49,2723,False
156,83,118,51320,213,51533,0,0,43,4,1,0,11,27,1689,False
157,84,120,51534,406,51940,0,0,76,5,1,1,12,57,3233,False
158,85,124,51943,490,52433,0,0,94,8,1,0,18,67,3908,False
159,86,126,52434,351,52785,0,0,62,2,1,1,6,52,2797,False
160,87,127,52785,279,53064,0,0,52,2,1,3,6,40,2219,False
161,88,128,53064,196,53260,0,64,32,0,1,0,0,31,1554,False
162,89,129,53260,298,53558,0,64,50,0,1,0,4,45,2370,False
163,90,130,53558,381,53939,0,64,65,1,1,0,6,57,3032,False
164,91,131,53939,212,54151,0,64,38,1,1,0,6,30,1682,False
165,92,132,54151,213,54364,0,64,40,2,1,0,8,29,1694,False
166,93,134,54365,163,54528,0,64,28,0,1,0,3,24,1291,False
167,94,135,54528,327,54855,0,0,58,1,1,1,8,47,2601,False
168,95,140,54859,269,55128,0,0,51,2,1,0,13,35,2139,False
169,96,141,55128,171,55299,128,0,28,0,1,0,0,27,1354,False
170,97,142,55299,110,55409,128,0,19,0,1,1,0,17,865,False
171,98,143,55409,101,55510,128,0,22,1,1,0,10,10,798,False
172,99,144,55510,66,55576,128,0,12,0,1,1,0,10,515,False
173,100,145,55576,85,55661,128,0,15,0,1,1,0,13,665,False
174,101,146,55661,102,55763,128,0,17,0,1,0,0,16,804,False
175,102,147,55763,110,55873,128,0,19,0,1,1,0,17,865,False
176,103,148,55873,128,56001,128,0,22,0,1,1,0,20,1015,False
177,104,149,56001,115,56116,128,0,19,0,1,0,0,18,904,False
178,105,150,56116,140,56256,128,0,23,0,1,0,0,22,1104,False
179,106,151,56256,127,56383,128,0,21,0,1,0,0,20,1004,False
180,107,152,56383,158,56541,128,0,26,0,1,0,0,25,1254,False
181,108,153,56541,303,56844,128,0,50,0,1,0,2,47,2412,False
182,109,154,56844,433,57277,0,0,81,2,1,1,20,57,3453,False
183,110,155,57277,434,57711,0,0,76,1,1,1,10,63,3459,False
184,111,156,57711,417,58128,0,0,78,2,1,0,21,54,3321,False
185,112,157,58128,315,58443,0,0,51,0,1,0,0,50,2504,False
186,113,160,58772,202,58974,0,0,33,0,1,0,0,32,1604,False
187,114,162,58975,478,59453,0,0,78,0,1,1,0,76,3815,False
188,115,158,58443,328,58771,128,4,54,0,1,1,0,52,2615,False
189,116,163,59453,203,59656,0,0,34,0,1,1,0,32,1615,False
190,117,164,59656,226,59882,0,0,39,1,1,1,1,35,1798,False
191,118,165,59882,190,60072,0,0,31,0,1,0,0,30,1504,False
192,119,166,60072,187,60259,0,0,33,0,1,1,4,27,1481,False
193,120,167,60259,208,60467,0,0,34,0,1,0,0,33,1654,False
194,121,168,60467,203,60670,0,0,34,0,1,1,0,32,1615,False
195,122,169,60670,221,60891,0,0,37,1,1,0,0,35,1758,False
196,123,170,60891,173,61064,0,0,30,0,1,0,4,25,1370,False
197,124,171,61064,240,61304,0,0,39,0,1,0,0,38,1904,False
198,125,172,61304,231,61535,0,0,39,1,1,0,1,36,1837,False
199,126,173,61535,215,61750,0,0,36,1,1,0,0,34,1708,False
200,127,174,61750,191,61941,0,0,32,0,1,0,2,29,1512,False
201,128,175,61941,240,62181,0,0,39,0,1,0,0,38,1904,False
202,129,176,62181,275,62456,0,0,46,0,1,0,3,42,2191,False
203,130,177,62456,224,62680,0,0,37,0,1,0,1,35,1783,False
204,131,178,62680,180,62860,0,0,32,0,1,0,6,25,1428,False
205,132,179,62860,367,63227,0,0,64,1,1,1,7,54,2922,False
206,133,180,63227,318,63545,0,0,55,1,1,0,6,47,2532,False
207,134,181,63545,216,63761,0,0,44,0,1,1,19,23,1716,False
208,135,182,63761,316,64077,0,0,57,3,1,0,7,46,2519,False
209,136,183,64077,325,64402,0,0,60,2,1,0,13,44,2589,False
210,137,184,64402,336,64738,0,0,65,2,1,1,19,42,2674,False
211,138,185,64738,91,64829,0,0,22,3,1,3,4,11,715,False
212,139,186,64829,244,65073,0,0,43,0,1,0,8,34,1936,False
213,140,188,65074,155,65229,0,0,38,0,1,0,30,7,1224,False
