start,end_inclusive,size,classification
25945,25950,6,handler_match_records
25951,25954,4,volume_envelope
25955,25957,3,frequency_envelope_candidate_extent+frequency_envelope_verified_read+volume_envelope
25958,25960,3,frequency_envelope_candidate_extent+volume_envelope
25961,25978,18,sequence_bytecode
25979,25982,4,volume_envelope
25983,25985,3,frequency_envelope_candidate_extent+frequency_envelope_verified_read+volume_envelope
25986,25988,3,frequency_envelope_candidate_extent+volume_envelope
25989,26006,18,sequence_bytecode
26007,26008,2,volume_envelope_candidate_extent+volume_envelope_verified_read
26009,26014,6,volume_envelope_candidate_extent
26015,26017,3,frequency_envelope_candidate_extent+frequency_envelope_verified_read+volume_envelope_candidate_extent
26018,26026,9,frequency_envelope_candidate_extent+volume_envelope_candidate_extent
26027,26048,22,sequence_bytecode
26049,26050,2,volume_envelope_candidate_extent+volume_envelope_verified_read
26051,26068,18,volume_envelope_candidate_extent
26069,26071,3,frequency_envelope_candidate_extent+frequency_envelope_verified_read+volume_envelope_candidate_extent
26072,26149,78,frequency_envelope_candidate_extent+volume_envelope_candidate_extent
26150,26167,18,sequence_bytecode
26168,26169,2,volume_envelope_candidate_extent+volume_envelope_verified_read
26170,26179,10,volume_envelope_candidate_extent
26180,26182,3,frequency_envelope_candidate_extent+frequency_envelope_verified_read+volume_envelope_candidate_extent
26183,26194,12,frequency_envelope_candidate_extent+volume_envelope_candidate_extent
26195,26216,22,sequence_bytecode
26217,26232,16,volume_envelope
26233,26235,3,frequency_envelope_candidate_extent+frequency_envelope_verified_read+volume_envelope
26236,26238,3,frequency_envelope_candidate_extent+volume_envelope
26239,26247,9,frequency_envelope_candidate_extent
26248,26265,18,sequence_bytecode
26266,26267,2,volume_envelope_candidate_extent+volume_envelope_verified_read
26268,26281,14,volume_envelope_candidate_extent
26282,26284,3,frequency_envelope_candidate_extent+frequency_envelope_verified_read+volume_envelope_candidate_extent
26285,26317,33,frequency_envelope_candidate_extent+volume_envelope_candidate_extent
26318,26456,139,sequence_bytecode
26457,26458,2,set_seq_ptr_unreachable_zero_trailer
26459,26665,207,sequence_bytecode
26666,26673,8,volume_envelope
26674,26676,3,frequency_envelope_candidate_extent+frequency_envelope_verified_read+volume_envelope
26677,26679,3,frequency_envelope_candidate_extent+volume_envelope
26680,26714,35,sequence_bytecode
26715,26716,2,set_seq_ptr_unreachable_zero_trailer
26717,26726,10,volume_envelope
26727,26729,3,frequency_envelope_candidate_extent+frequency_envelope_verified_read+volume_envelope
26730,26732,3,frequency_envelope_candidate_extent+volume_envelope
26733,26767,35,sequence_bytecode
26768,26769,2,set_seq_ptr_unreachable_zero_trailer
26770,26779,10,volume_envelope
26780,26782,3,frequency_envelope_candidate_extent+frequency_envelope_verified_read+volume_envelope
26783,26785,3,frequency_envelope_candidate_extent+volume_envelope
26786,26801,16,sequence_bytecode
26802,26811,10,volume_envelope
26812,26814,3,frequency_envelope_candidate_extent+frequency_envelope_verified_read+volume_envelope
26815,26817,3,frequency_envelope_candidate_extent+volume_envelope
26818,26833,16,sequence_bytecode
26834,26837,4,volume_envelope
26838,26843,6,frequency_envelope_candidate_extent+frequency_envelope_verified_read+volume_envelope
26844,26859,16,frequency_envelope_candidate_extent+frequency_envelope_verified_read
26860,26872,13,frequency_envelope_candidate_extent+frequency_envelope_verified_read+volume_envelope
26873,26891,19,frequency_envelope_candidate_extent+frequency_envelope_verified_read
26892,27049,158,frequency_envelope_verified_read+sequence_bytecode
27050,27051,2,frequency_envelope_verified_read+set_seq_ptr_unreachable_zero_trailer
27052,27093,42,frequency_envelope_verified_read
27094,27121,28,frequency_envelope_verified_read+ym2151_voice+ym2151_voice_record_structural
27122,27122,1,frequency_envelope_verified_read+ym2151_voice_record_structural
27123,27129,7,frequency_envelope_verified_read+ym2151_live_tl_verified_read+ym2151_voice_record_structural
27130,27135,6,frequency_envelope_verified_read+ym2151_voice_record_structural
27136,27163,28,ym2151_voice+ym2151_voice_record_structural
27164,27164,1,ym2151_voice_record_structural
27165,27171,7,ym2151_live_tl_verified_read+ym2151_voice_record_structural
27172,27177,6,ym2151_voice_record_structural
27178,27219,42,ym2151_voice_record_unreferenced
27220,27247,28,ym2151_voice+ym2151_voice_record_structural
27248,27248,1,ym2151_voice_record_structural
27249,27255,7,ym2151_live_tl_verified_read+ym2151_voice_record_structural
27256,27261,6,ym2151_voice_record_structural
27262,27289,28,ym2151_voice+ym2151_voice_record_structural
27290,27290,1,ym2151_voice_record_structural
27291,27297,7,ym2151_live_tl_verified_read+ym2151_voice_record_structural
27298,27303,6,ym2151_voice_record_structural
27304,27331,28,ym2151_voice+ym2151_voice_record_structural
27332,27332,1,ym2151_voice_record_structural
27333,27339,7,ym2151_live_tl_verified_read+ym2151_voice_record_structural
27340,27345,6,ym2151_voice_record_structural
27346,27373,28,ym2151_voice+ym2151_voice_record_structural
27374,27374,1,ym2151_voice_record_structural
27375,27381,7,ym2151_live_tl_verified_read+ym2151_voice_record_structural
27382,27387,6,ym2151_voice_record_structural
27388,27415,28,ym2151_voice+ym2151_voice_record_structural
27416,27416,1,ym2151_voice_record_structural
27417,27423,7,ym2151_live_tl_verified_read+ym2151_voice_record_structural
27424,27429,6,ym2151_voice_record_structural
27430,27457,28,ym2151_voice+ym2151_voice_record_structural
27458,27458,1,ym2151_voice_record_structural
27459,27465,7,ym2151_live_tl_verified_read+ym2151_voice_record_structural
27466,27471,6,ym2151_voice_record_structural
27472,27499,28,ym2151_voice+ym2151_voice_record_structural
27500,27500,1,ym2151_voice_record_structural
27501,27507,7,ym2151_live_tl_verified_read+ym2151_voice_record_structural
27508,27513,6,ym2151_voice_record_structural
27514,27541,28,ym2151_voice+ym2151_voice_record_structural
27542,27542,1,ym2151_voice_record_structural
27543,27549,7,ym2151_live_tl_verified_read+ym2151_voice_record_structural
27550,27555,6,ym2151_voice_record_structural
27556,27583,28,ym2151_voice+ym2151_voice_record_structural
27584,27584,1,ym2151_voice_record_structural
27585,27591,7,ym2151_live_tl_verified_read+ym2151_voice_record_structural
27592,27597,6,ym2151_voice_record_structural
27598,27639,42,ym2151_voice_record_unreferenced
27640,27667,28,ym2151_voice+ym2151_voice_record_structural
27668,27668,1,ym2151_voice_record_structural
27669,27675,7,ym2151_live_tl_verified_read+ym2151_voice_record_structural
27676,27681,6,ym2151_voice_record_structural
27682,27709,28,ym2151_voice+ym2151_voice_record_structural
27710,27710,1,ym2151_voice_record_structural
27711,27717,7,ym2151_live_tl_verified_read+ym2151_voice_record_structural
27718,27723,6,ym2151_voice_record_structural
27724,27807,84,ym2151_voice_record_unreferenced
27808,27835,28,ym2151_voice+ym2151_voice_record_structural
27836,27836,1,ym2151_voice_record_structural
27837,27843,7,ym2151_live_tl_verified_read+ym2151_voice_record_structural
27844,27849,6,ym2151_voice_record_structural
27850,27877,28,ym2151_voice+ym2151_voice_record_structural
27878,27878,1,ym2151_voice_record_structural
27879,27885,7,ym2151_live_tl_verified_read+ym2151_voice_record_structural
27886,27891,6,ym2151_voice_record_structural
27892,27919,28,ym2151_voice+ym2151_voice_record_structural
27920,27920,1,ym2151_voice_record_structural
27921,27927,7,ym2151_live_tl_verified_read+ym2151_voice_record_structural
27928,27932,5,ym2151_envelope_register_block+ym2151_voice_record_structural
27933,27933,1,ym2151_voice_record_structural
27934,27961,28,ym2151_voice+ym2151_voice_record_structural
27962,27962,1,ym2151_voice_record_structural
27963,27969,7,ym2151_live_tl_verified_read+ym2151_voice_record_structural
27970,27974,5,ym2151_envelope_register_block+ym2151_voice_record_structural
27975,27975,1,ym2151_voice_record_structural
27976,28003,28,ym2151_voice+ym2151_voice_record_structural
28004,28004,1,ym2151_voice_record_structural
28005,28011,7,ym2151_live_tl_verified_read+ym2151_voice_record_structural
28012,28016,5,ym2151_envelope_register_block+ym2151_voice_record_structural
28017,28017,1,ym2151_voice_record_structural
28018,28045,28,ym2151_voice+ym2151_voice_record_structural
28046,28046,1,ym2151_voice_record_structural
28047,28053,7,ym2151_live_tl_verified_read+ym2151_voice_record_structural
28054,28059,6,ym2151_voice_record_structural
28060,28101,42,ym2151_voice_record_unreferenced
28102,28129,28,ym2151_voice+ym2151_voice_record_structural
28130,28130,1,ym2151_voice_record_structural
28131,28137,7,ym2151_live_tl_verified_read+ym2151_voice_record_structural
28138,28143,6,ym2151_voice_record_structural
28144,28227,84,ym2151_voice_record_unreferenced
28228,28255,28,ym2151_voice+ym2151_voice_record_structural
28256,28256,1,ym2151_voice_record_structural
28257,28263,7,ym2151_live_tl_verified_read+ym2151_voice_record_structural
28264,28269,6,ym2151_voice_record_structural
28270,28297,28,ym2151_voice+ym2151_voice_record_structural
28298,28298,1,ym2151_voice_record_structural
28299,28305,7,ym2151_live_tl_verified_read+ym2151_voice_record_structural
28306,28311,6,ym2151_voice_record_structural
28312,28353,42,ym2151_voice_record_unreferenced
28354,28381,28,ym2151_voice+ym2151_voice_record_structural
28382,28382,1,ym2151_voice_record_structural
28383,28389,7,ym2151_live_tl_verified_read+ym2151_voice_record_structural
28390,28395,6,ym2151_voice_record_structural
28396,28423,28,ym2151_voice+ym2151_voice_record_structural
28424,28424,1,ym2151_voice_record_structural
28425,28431,7,ym2151_live_tl_verified_read+ym2151_voice_record_structural
28432,28437,6,ym2151_voice_record_structural
28438,28465,28,ym2151_voice+ym2151_voice_record_structural
28466,28466,1,ym2151_voice_record_structural
28467,28473,7,ym2151_live_tl_verified_read+ym2151_voice_record_structural
28474,28479,6,ym2151_voice_record_structural
28480,28507,28,ym2151_voice+ym2151_voice_record_structural
28508,28508,1,ym2151_voice_record_structural
28509,28515,7,ym2151_live_tl_verified_read+ym2151_voice_record_structural
28516,28521,6,ym2151_voice_record_structural
28522,28549,28,ym2151_voice+ym2151_voice_record_structural
28550,28550,1,ym2151_voice_record_structural
28551,28557,7,ym2151_live_tl_verified_read+ym2151_voice_record_structural
28558,28562,5,ym2151_envelope_register_block+ym2151_voice_record_structural
28563,28563,1,ym2151_voice_record_structural
28564,28591,28,ym2151_voice+ym2151_voice_record_structural
28592,28592,1,ym2151_voice_record_structural
28593,28599,7,ym2151_live_tl_verified_read+ym2151_voice_record_structural
28600,28604,5,ym2151_envelope_register_block+ym2151_voice_record_structural
28605,28605,1,ym2151_register_block+ym2151_voice_record_structural
28606,28633,28,ym2151_voice+ym2151_voice_record_structural
28634,28634,1,ym2151_voice_record_structural
28635,28641,7,ym2151_live_tl_verified_read+ym2151_voice_record_structural
28642,28647,6,ym2151_voice_record_structural
28648,28689,42,ym2151_voice_record_unreferenced
28690,28717,28,ym2151_voice+ym2151_voice_record_structural
28718,28718,1,ym2151_voice_record_structural
28719,28725,7,ym2151_live_tl_verified_read+ym2151_voice_record_structural
28726,28730,5,ym2151_envelope_register_block+ym2151_voice_record_structural
28731,28731,1,ym2151_register_block+ym2151_voice_record_structural
28732,28759,28,ym2151_voice+ym2151_voice_record_structural
28760,28760,1,ym2151_voice_record_structural
28761,28767,7,ym2151_live_tl_verified_read+ym2151_voice_record_structural
28768,28772,5,ym2151_envelope_register_block+ym2151_voice_record_structural
28773,28773,1,ym2151_voice_record_structural
28774,28801,28,ym2151_voice+ym2151_voice_record_structural
28802,28802,1,ym2151_voice_record_structural
28803,28809,7,ym2151_live_tl_verified_read+ym2151_voice_record_structural
28810,28815,6,ym2151_voice_record_structural
28816,28899,84,ym2151_voice_record_unreferenced
28900,28927,28,ym2151_voice+ym2151_voice_record_structural
28928,28928,1,ym2151_voice_record_structural
28929,28935,7,ym2151_live_tl_verified_read+ym2151_voice_record_structural
28936,28941,6,ym2151_voice_record_structural
28942,28977,36,ym2151_voice_record_auxiliary_only
28978,28982,5,ym2151_envelope_register_block+ym2151_voice_record_auxiliary_only
28983,28983,1,ym2151_voice_record_auxiliary_only
28984,29011,28,ym2151_voice+ym2151_voice_record_structural
29012,29012,1,ym2151_voice_record_structural
29013,29019,7,ym2151_live_tl_verified_read+ym2151_voice_record_structural
29020,29025,6,ym2151_voice_record_structural
29026,29151,126,ym2151_voice_record_unreferenced
29152,29179,28,ym2151_voice+ym2151_voice_record_structural
29180,29180,1,ym2151_voice_record_structural
29181,29187,7,ym2151_live_tl_verified_read+ym2151_voice_record_structural
29188,29193,6,ym2151_voice_record_structural
29194,29221,28,ym2151_voice+ym2151_voice_record_structural
29222,29222,1,ym2151_voice_record_structural
29223,29229,7,ym2151_live_tl_verified_read+ym2151_voice_record_structural
29230,29235,6,ym2151_voice_record_structural
29236,29263,28,ym2151_voice+ym2151_voice_record_structural
29264,29264,1,ym2151_voice_record_structural
29265,29271,7,ym2151_live_tl_verified_read+ym2151_voice_record_structural
29272,29277,6,ym2151_voice_record_structural
29278,29319,42,ym2151_voice_record_unreferenced
29320,29347,28,ym2151_voice+ym2151_voice_record_structural
29348,29348,1,ym2151_voice_record_structural
29349,29355,7,ym2151_live_tl_verified_read+ym2151_voice_record_structural
29356,29360,5,ym2151_envelope_register_block+ym2151_voice_record_structural
29361,29361,1,ym2151_voice_record_structural
29362,29389,28,ym2151_voice+ym2151_voice_record_structural
29390,29390,1,ym2151_voice_record_structural
29391,29397,7,ym2151_live_tl_verified_read+ym2151_voice_record_structural
29398,29403,6,ym2151_voice_record_structural
29404,29659,256,ym_total_level_nonlinear_lookup
29660,29681,22,sequence_bytecode
29682,29683,2,computed_jump_unreachable_zero_trailer
29684,29705,22,sequence_bytecode
29706,29707,2,computed_jump_unreachable_zero_trailer
29708,29729,22,sequence_bytecode
29730,29731,2,computed_jump_unreachable_zero_trailer
29732,29753,22,sequence_bytecode
29754,29755,2,computed_jump_unreachable_zero_trailer
29756,30374,619,sequence_bytecode
30375,30376,2,computed_jump_unreachable_zero_trailer
30377,30397,21,sequence_bytecode
30398,30399,2,computed_jump_unreachable_zero_trailer
30400,30420,21,sequence_bytecode
30421,30422,2,computed_jump_unreachable_zero_trailer
30423,30443,21,sequence_bytecode
30444,30445,2,computed_jump_unreachable_zero_trailer
30446,30468,23,sequence_bytecode
30469,30470,2,computed_jump_unreachable_zero_trailer
30471,30493,23,sequence_bytecode
30494,30495,2,computed_jump_unreachable_zero_trailer
30496,30518,23,sequence_bytecode
30519,30520,2,computed_jump_unreachable_zero_trailer
30521,30543,23,sequence_bytecode
30544,30545,2,computed_jump_unreachable_zero_trailer
30546,30568,23,sequence_bytecode
30569,30570,2,computed_jump_unreachable_zero_trailer
30571,30593,23,sequence_bytecode
30594,30595,2,computed_jump_unreachable_zero_trailer
30596,30618,23,sequence_bytecode
30619,30620,2,computed_jump_unreachable_zero_trailer
30621,30643,23,sequence_bytecode
30644,30645,2,computed_jump_unreachable_zero_trailer
30646,30670,25,sequence_bytecode
30671,30672,2,computed_jump_unreachable_zero_trailer
30673,30697,25,sequence_bytecode
30698,30699,2,computed_jump_unreachable_zero_trailer
30700,30724,25,sequence_bytecode
30725,30726,2,computed_jump_unreachable_zero_trailer
30727,30751,25,sequence_bytecode
30752,30753,2,computed_jump_unreachable_zero_trailer
30754,30780,27,sequence_bytecode
30781,30782,2,computed_jump_unreachable_zero_trailer
30783,30809,27,sequence_bytecode
30810,30811,2,computed_jump_unreachable_zero_trailer
30812,30838,27,sequence_bytecode
30839,30840,2,computed_jump_unreachable_zero_trailer
30841,30867,27,sequence_bytecode
30868,30869,2,computed_jump_unreachable_zero_trailer
30870,32985,2116,sequence_bytecode
32986,32994,9,unreferenced_sequence_candidate
32995,33664,670,sequence_bytecode
